step,time_s,note,R1,R2,R3,R4,R5,R6,R7,R8
1,0.0,state after change,OOOOOOOOOOOOOOOO,OOOOOOOOOOOOOOOO,OoOOOOOOOOOOOOOO,OoOOOOOOOOOOOOOO,OooOOOOOOOOOOOOO,O.oooOOOOOOOOoOO,O.oooOOOOOOOOoOO,O.ooooOOOOOOOoOO
2,0.202,state after change,OOOOOOOOOOOOOOOO,OOOOOOOOOOOOOOOO,OoOOOOOOOOOOOOOO,OoOOOOOOOOOOOOOO,O.oOOOOOOOOOOoOO,O.oooOOOOOOOOoOO,O.oooOOOOOOOOoOO,O.oooooOoOOOOoOO
3,0.405,state after change,OOOOOOOOOOOOOOOO,OOOOOOOOOOOOOOOO,OOOOOOOOOOOOOOOO,OoOOOOOOOOOOOOOO,OoOOOOOOOOOOOOOO,OoOOOOOOOOOOOOOO,O.oOoOOOOOOOOoOO,O.oooOOOOOOOOoOO
4,0.607,state after change,OOOOOOOOOOOOOOOO,OOOOOOOOOOOOOOOO,OOOOOOOOOOOOOOOO,OOOOOOOOOOOOOOOO,OOOOOOOOOOOOOOOO,OoOOOOOOOOOOOOOO,OoOOOOOOOOOOOOOO,OoOOOOOOOOOOOOOO
5,0.81,state after change,OOOOOOOOOOOOOOOO,OOOOOOOOOOOOOOOO,OOOOOOOOOOOOOOOO,OOOOOOOOOOOOOOOO,OOOOOOOOOOOOOOOO,OOOOOOOOOOOOOOOO,OOOOOOOOOOOOOOOO,OOOOOOOOOOOOOOOO
6,1.012,state after change,OOOOOOOoOOOoOOOO,OOOOOOOoOOOOOOOO,OOOOOOOoOOOOOOOO,OOOOOOOOOOOOOOOO,OOOOOOOOOOOOOOOO,OOOOOOOOOOOOOOOO,OOOOOOOOOOOOOOOO,OOOOOOOOOOOOOOOO
7,1.215,state after change,OOOoOOOoOOOooOOO,OOOOOOOoOOOoOOOO,OOOOOOOoOOOOOOOO,OOOOOOOoOOOOOOOO,OOOOOOOOOOOOOOOO,OOOOOOOOOOOOOOOO,OOOOOOOOOOOOOOOO,OOOOOOOOOOOOOOOO
8,1.417,state after change,OOOoOOooOOoooOOO,OOOOOOooOOooOOOO,OOOOOooooooOOOOO,OOOOOOOoOOOOOOOO,OOOOOOOOOOOOOOOO,OOOOOOOOOOOOOOOO,OOOOOOOOOOOOOOOO,OOOOOOOOOOOOOOOO
9,1.62,state after change,OOOoOOoooOOooOOO,OOOOOOoooOOoOOOo,OOOOOooooooooOOO,OOOOOOOoOOOOOOOO,OOOOOOOOOOOOOOOO,OOOOOOOOOOOOOOOO,OOOOOOOOOOOOOOOO,OOOOOOOOOOOOOOOO
10,1.822,state after change,OOOoOOoooOooOOOO,OOOOOOoooOooOOOO,oOOOOooooooooOOO,OOOOOOOoOOOOOOOO,OOOOOOOOOOOOOOOO,OOOOOOOOOOOOOOOO,OOOOOOOOOOOOOOOO,OOOOOOOOOOOOOOOO
11,2.025,state after change,OOOoOOoooOoooOOO,OOOoOOoooOoooOOO,oOOOOooooooooOOO,OOOOOOOoOOOOOOOO,OOOOOOOOOOOOOOOO,OOOOOOOOOOOOOOOO,OOOOOOOOOOOOOOOO,OOOOOOOOOOOOOOOO
12,2.227,state after change,OOOoOOoooOoooOOO,OOOooOoooOoooOOo,oOOOOooooooooOoO,OOOOOOooooOOOOOO,OOOOOOOOOOOOOOOO,OOOOOOOOOOOOOOOO,OOOOOOOOOOOOOOOO,OOOOOOOOOOOOOOOO
13,2.43,state after change,OOOoOOoooOoooOOO,OOOOOOoooOoooOOo,OOOOOooooooooOOO,OOOOOOOoOOOOOOOO,OOOOOOOOOOOOOOOO,OOOOOOOOOOOOOOOO,OOOOOOOOOOOOOOOO,OOOOOOOOOOOOOOOO
14,2.632,state after change,OOOoOOoooOoooOOo,OOOooOoooOoooOOo,oOOOOooooooooOOO,oOOOOOOoOoOOOOOO,OOOOOOOOOOOOOOOO,OOOOOOOOOOOOOOOO,OOOOOOOOOOOOOOOO,OOOOOOOOOOOOOOOO
15,2.835,state after change,oooooOoooOoooOOO,oOOooOoooOoooOOo,oOOOOooooooooOoO,oOOOOoooOoOOOOOO,OOOOOOOOOOOOOOOO,OOOOOOOOOOOOOOOO,OOOOOOOOOOOOOOOO,OOOOOOOOOOOOOOOO
16,3.037,state after change,oOooOOoooOoooOOo,oOOooOoooOoooOOo,oOOOoooooooooOoO,oOOOOooooooOOOOO,OOOOOOOOOOOOOOOO,OOOOOOOOOOOOOOOO,OOOOOOOOOOOOOOOO,OOOOOOOOOOOOOOOO
17,3.24,state after change,oOOoOOoooOoooOOo,oOOooOoooOoooOOo,oOOOoooooooooOoO,oOOOOooooooOOOOO,OOOOOOOoOOOOOOOO,OOOOOOOOOOOOOOOO,OOOOOOOOOOOOOOOO,OOOOOOOOOOOOOOOO
18,3.442,state after change,oOOoOOoooOoooOOO,oOOooOoooOoooOOo,oOOOoooooooooOOO,oOOOOooooooOOOOO,OOOOOOOoOOOOOOOO,OOOOOOOOOOOOOOOO,OOOOOOOOOOOOOOOO,OOOOOOOOOOOOOOOO
19,3.645,state after change,oOOoOOoooOoooOOO,oOOooOoooOoooOOo,oOOOoooooooooOoO,oOOOOooooooOoOOO,OOOOOOOoOOOOOOOO,OOOOOOOOOOOOOOOO,OOOOOOOOOOOOOOOO,OOOOOOOOOOOOOOOO
20,3.847,state after change,OOOoOOoooOoooOOO,OOOoOOOooOoooOOo,OOOOOOoooOoooOOO,oOOOOoooooOOOOOO,OOOOOOOoOOOOOOOO,OOOOOOOOOOOOOOOO,OOOOOOOOOOOOOOOO,OOOOOOOOOOOOOOOO
21,4.05,state after change,oOoooOoooOoooOOO,OOOOoOoooOoooOOo,oOOooooooooooOOO,oOOooooooooooOoO,oOOOOooooOOOOOOO,OOOOOOOOOOOOOOOO,OOOOOOOOOOOOOOOO,OOOOOOOOOOOOOOOO
22,4.252,state after change,oOoooOoooOooooOo,OOoooOoooOoooOOo,oOoooooooooooOOO,oOoooooooooooOoO,oOOoooooooOOOOOO,oOOOOOOoOOOOOOOO,OOOOOOOOOOOOOOOO,OOOOOOOOOOOOOOOO
23,4.455,state after change,oOoooOoooOooooOo,OOoooOoOoOoooOOo,ooooooooooooooOO,oooooooooooooOoO,oOoooooooooooOOO,oOOOOoooOOOOOOOO,OOOOOOOOOOOOOOOO,OOOOOOOOOOOOOOOO
24,4.657,state after change,oooooOoooOooooOo,OOoooOoooOooooOo,ooooooooooooooOo,oooooooooooooOoO,oOoooooooooooOOO,oOOOOoooOOOOOOOO,OOOOOOOOOOOOOOOO,OOOOOOOOOOOOOOOO
25,4.86,state after change,oooooOoooOooooOo,OOoooOoooOoOooOo,ooooooooooooooOo,oooooooooooooooo,oOoooooooooooOOO,oOOOOoooOOOOOOOO,OOOOOOOOOOOOOOOO,OOOOOOOOOOOOOOOO
26,5.062,state after change,oooooOoooOooooOo,OOoooOoooOoooOOo,ooooooooooooooOo,oooooooooooooooo,oOOooooooooooOoO,oOOOOoooOOOOOOOO,OOOOOOOOOOOOOOOO,OOOOOOOOOOOOOOOO
27,5.265,state after change,oOoooOoooOooooOo,OOoooOoooOoooOOo,oOooooooooooooOo,oOOooooooooooOoO,oOOOOooooOOOoOOO,OOOOOOOOOOOOOOOO,OOOOOOOOOOOOOOOO,OOOOOOOOOOOOOOOO
28,5.467,state after change,oOoooOoooOooooOo,OOoooOoooOoooOOo,oOoooooooooooOOo,oOOOoooooooooOoO,OOOOOOOoOOOOOOOO,OOOOOOOOOOOOOOOO,OOOOOOOOOOOOOOOO,OoOOOOOOOOOOOOOO
29,5.67,state after change,oOoooOoooOooooOo,OOoooOoooOoooOOo,oOooooooooooooOo,oOOooooooooooOoO,oOOOOOOoOOOOOOOO,OOOOOOOOOOOOOOOO,OOOOOOOOOOOOOOOO,OoOOOOOOOOOOOOOO
30,5.94,state after change,oOoooOoooOooooOo,OOoooOoooOoooOOo,oOoooooooooooooo,oOoooooooooooOoO,oOOOOooooOOOOOOO,OOOOOOOOOOOOOOOO,OOOOOOOOOOOOOOOO,OOOOOOOOOOOOOOOO
31,6.142,state after change,oooooOoooOooooOo,oOoooOoooOooooOo,oOoooooooooooOOo,oOoooooooooooOOo,oOOOOOoooOOOoOoO,OOOOOOOoOOOOOOOO,OOOOOOOOOOOOOOOO,OoOOOOOOOOOOOOOO
32,6.345,state after change,oOoooOoooOooooOo,oOoooOoooOooooOo,oOoooooooooooOOo,oOOooooooooooOOo,OOOOOOoooOOOoOOO,OOOOOOOOOOOOOOOO,OOOOOOOOOOOOOOOO,OOOOOOOOOOOOOOOO
33,6.547,state after change,oOoooOoooOooooOo,oOoooOoooOooooOo,oOOooooooooooOOo,oOOooooooooooOOo,OOOOOOooooOooOoO,OOOOOOOOOOOOOOOO,OOOOOOOOOOOOOOOO,OOOOOOOOOOOOOOOO
34,6.75,state after change,oOoooOoooOooooOo,oOoooOoooOooooOo,oOOooooooooooOOo,oOOOoooooooooOoo,oOOOOOoooOOooOoO,OOOOOOOOOOOOOOOO,OOOOOOOOOOOOOOOO,OoOOOOOOOOOOOOOO
35,6.952,state after change,oOoooOoooOooooOo,oOoooOoooOooooOo,oOOooooooooooOOo,oOOooooooooooOoo,OOOOOooooOoooOoO,OOOOOOOOOOOOOOOO,OOOOOOOOOOOOOOOO,OoOOOOOOOOOOOOOO
36,7.155,state after change,oOoooOoooOooooOo,oOoooOoooOooooOo,OOOooOoooOooooOo,oOOooooooooooOoo,oOOOOooooooooOoO,OOOOOOOOOOOOOOOO,OOOOOOOOOOOOOOOO,OOOOOOOOOOOOOOOO
37,7.425,state after change,oooooOoooOooooOo,oOoooOoooOooooOo,OOoooOoooOooooOo,oOoooooooooooooo,oOOOOooooooooOoO,oOOOOOOoOOOOOOOO,OOOOOOOOOOOOOOOO,OOOOOOOOOOOOOOOO
38,7.627,state after change,oooooOoooOooooOo,oOoooOoooOooooOo,OOoooOoOoOooooOo,oOoooooooooooooo,oOOooooooooooOoO,oOOOOOOoOOOOOOOO,OOOOOOOOOOOOOOOO,OOOOOOOOOOOOOOOO
39,7.83,state after change,oooooOoooOooooOo,oooooOoooOooooOo,OOoooOoooOooooOo,oOoooooooooooooo,oOoooooooooooOoO,oOOOOoooOOOOOOOO,OOOOOOOOOOOOOOOO,OOOOOOOOOOOOOOOO
40,8.1,state after change,oooooOoooOooooOo,oooooOoooOooooOo,OOoooOoooOooOOOo,oooooooooooooooo,oOoooooooooooOoO,oOOOOooooooOoOOO,OOOOOOOOOOOOOOOO,OOOOOOOOOOOOOOOO
41,8.302,state after change,oooooOoooOooooOo,oooooOoooOooooOo,OOoooOoooOooooOO,oooooooooooooooo,oOoooooooooooOoo,oOOOOooooooOOOOO,OOOOOOOOOOOOOOOO,OOOOOOOOOOOOOOOO
42,8.572,state after change,oooooOoooOooooOo,oooooOoooOooooOo,OOoooOoooOooooOo,oooooooooooooooo,oOoooooooooooOoo,oOOOoooooooooOOO,OOOOOOOOOOOOOOOO,OOOOOOOOOOOOOOOO
43,8.775,state after change,oooooOoooOooooOo,oooooOoooOooooOo,OOoooOoooOooooOo,oooooooooooooooo,oOoooooooooooOoO,oOOOOooooooOoOOO,OOOOOOOOOOOOOOOO,OOOOOOOOOOOOOOOO
44,9.045,state after change,oooooOoooOooooOo,oooooOoooOooooOo,OOoooOoooOooooOo,oOoooooooooooooo,oOoooooooooooOoO,oOOOOooooOOOOOOO,OOOOOOOOOOOOOOOO,OOOOOOOOOOOOOOOO
45,9.315,state after change,oooooOoooOooooOo,oooooooooOooooOo,oOoooOooooooooOo,oOoooooooOoooooo,oOOooooooooooOoO,oOOOOOoooOOOOOOO,OOOOOOOOOOOOOOOO,OoOOOOOOOOOOOOOO
46,9.517,state after change,oooooOoooOooooOo,oooooooooOooooOo,oOoooOooooooooOo,oOoooooooOoooooo,oOOooooooooooOoO,oOOOOooooooOOOOO,OOOOOOOOOOOOOOOO,OOOOOOOOOOOOOOOO
47,9.72,state after change,oooooOoooOooooOo,oOoooooooOooooOo,oOoooOooooooooOo,oOoooooooOoooooo,oOOOOooooooooOoO,OOOOOOoooOoOOOOO,OOOOOOOOOOOOOOOO,OoOOOOOOOOOOOOOO
48,9.922,state after change,oooooOoooOooooOo,oOoooooooOooooOo,oOoooOooooooooOo,oOoooooooOoooooo,oOOOoooooooooOoO,OOOOOOoooooOOOOO,OOOOOOOOOOOOOOOO,OoOOOOOOOOOOOOOO
49,10.125,state after change,oooooOoooOooooOo,oOoooooooOooooOo,OOoooOooooooooOo,OOOoOOoooOoooOOo,OOOOOooooooooOOO,OOOOOOooooooOOOO,OOOOOOOOOOOOOOOO,OoOOOOOOOOOOOOOO
50,10.327,state after change,oooooOoooOooooOo,oOoooooooOooooOo,oOoooOooooooooOo,OOoOoOoooOoooOOo,oOoooooooooooOOO,oOOOOooooooooOOO,OOOOOOOOOOOOOOOO,OoOOOOOOOOOOOOOO
51,10.53,state after change,oooooOoooOooooOo,oOoooooooOooooOo,oOoooOooooooooOo,OOooOOoooOoooOOo,oOoooooooooooOoo,oOOOOooooooooOOO,OOOOOOOOOOOOOoOO,OoOOOOOOOOOOOoOO
52,10.732,state after change,oooooOoooOooooOo,oooooooooOooooOo,oOoooOooooooooOo,OOoooOoOoOoooOOo,oOoooooooooooOoo,oOOooooooooooOOO,OOOOOOOOOOOOOoOO,OoOOOOOOOOOOOoOO
53,10.935,state after change,oooooOoooOooooOo,oooooooooOooooOo,oOoooOooooooooOo,OOoooOoooOooooOo,oOoooooooooooOoo,oOOOoooooooooOOO,OoOOOOOoOOOOOoOO,OoOOOOOOOOOOOoOO
54,11.137,state after change,oooooOoooOooooOo,oooooooooOooooOo,oOoooOooooooooOo,OOoooOoooOoOooOo,oOoooooooooooooo,oOOooooooooooooO,OoOOOOOOOOOOOoOO,OoOOOOOOOOOOOoOO
55,11.34,state after change,oooooOoooOooooOo,oooooooooOooooOo,oOoooOooooooooOo,OOoooOoooOoooOOo,oOooooooooooooOo,oOOooooooooooooO,OoOOOOOoOOOOOoOO,OoOOOOOOOOOOOoOO
56,11.61,state after change,oooooOoooOooooOo,oooooooooOooooOo,oooooOooooooooOo,OOoooOoooOooooOo,oOoooooooooooooo,oOoooooooooooooO,oOOOOOOoOOOOOoOO,OoOOOOOOOOOOOoOO
57,11.88,state after change,oooooOoooOooooOo,oooooooooOooooOo,oooooOooooooooOo,OOoooOoooOooooOo,oooooooooooooooo,oOoooooooooooOoO,oOOOOooooOOOOOOO,OOOOOOOOOOOOOOOO
58,12.082,state after change,oooooOoooOooooOo,oooooooooOooooOo,oooooOooooooooOo,OOoooOoooOooooOo,oooooooooooooooo,oOoooooooooooOoo,oOOOOooooooOoOOO,oOOOOOOOOOOOOOOO
59,12.285,state after change,oooooOoooOoooooo,ooooooooooooooOo,oooooOooooooooOo,oooooOoooOoooooo,OOoooooooooooooo,oOoooooooooooOoo,oOOoOooooooooOOO,oOOOOOOOOOOOOOOO
60,12.487,state after change,oooooOoooOoooooo,ooooooooooooooOo,oooooOooooooooOo,oooooOoooOoooooo,OOoooooooooooooo,oooooooooooooOoO,oOoooooooooOoOOO,oOOOOOOoOOOOOOOO
61,12.825,state after change,oooooOoooOoooooo,ooooooooooooooOo,oooooOooooooooOo,oooooOoooOoooooo,OOoooooooooooooo,oooooooooooooOoO,oOooooooooOOOOOO,oOOOOOOOOOOOOOOO
62,13.095,state after change,oooooOoooOoooooo,ooooooooooooooOo,oooooOooooooooOo,oooooOoooOoooooo,OOoooooooooooooo,oOoooooooooooOoO,oOOOOooooOOOOOOO,oOOOOOOOOOOOOOOO
63,13.297,state after change,oooooOoooOoooooo,ooooooooooooooOo,oooooOooooooooOo,oOoooOoooOoooooo,OOoooOoooOoooOOo,oOoooooooooooOOO,oOOOOoooOOOOOOOO,OOOOOOOOOOOOOOOO
64,13.5,state after change,oooooOoooOoooooo,ooooooooooooooOo,oooooOooooooooOo,oOoooOoooOoooooo,OOoOoOoooOoooOOO,oOoooooooooooOOO,oOOOOoooOOOOOOOO,OOOOOOOOOOOOOOOO
65,13.702,state after change,oooooOoooOoooooo,ooooooooooooooOo,oooooOooooooooOo,oooooOoooOoooooo,OOooOOoooOoooOOo,oOoooooooooooOOO,oOOOOoooOOOOOOOO,OoOOOOOOOOOOOoOO
66,13.905,state after change,oooooOoooOoooooo,ooooooooooooooOo,oooooOooooooooOo,oooooOoooOoooooo,OOoooOoOoOoooOOo,oOoooooooooooOOO,oOOOOooooOOOOOOO,OOOOOOOOOOOOOOOO
67,14.107,state after change,oooooOoooOoooooo,ooooooooooooooOo,oooooOooooooooOo,oooooOoooOoooooo,OOoooOoooOoooOOo,oOoooooooooooOOO,oOOOOooooOOOOOOO,oOOOOOOOOOOOOOOO
68,14.31,state after change,oooooOoooOoooooo,ooooooooooooooOo,oooooOooooooooOo,oooooOoooOoooooo,OOoooOoooOoOoOOo,oOoooooooooooOOO,oOOOOooooooOOOOO,OOOOOOOOOOOOOOOO
69,14.512,state after change,oooooOoooOoooooo,ooooooooooooooOo,oooooOooooooooOo,oOoooOoooOoooooo,OOoooOoooOoooOOo,oOoooooooooooOOO,oOOOOoooooOOOOOO,OoOOOOOOOOOOOOOO
70,14.715,state after change,oooooOoooOoooooo,ooooooooooooooOo,oooooOooooooooOo,oOoooOoooOoooooo,OOoooOoooOoooOOo,oOoooooooooooOOO,oOOOOoooOOOOOoOO,OoOOOOOOOOOOOoOO
71,14.917,state after change,oooooOoooOoooooo,ooooooooooooooOo,oooooOooooooooOo,oOoooOoooOoooooo,OOoooOoooOoooOOo,oOooooooooooooOO,oOOOOOooOOOOOoOO,OoOOOOOOOOOOOoOO
72,15.187,state after change,oooooOoooOoooooo,ooooooooooooooOo,oooooOooooooooOo,oooooOoooOoooooo,OOoooOoooOoooOOo,oOoooooooooooOoO,oOOOOoooOooOOOOO,oOOOOOOOOOOOOoOO
73,15.39,state after change,oooooOoooOoooooo,ooooooooooooooOo,oooooOooooooooOo,oooooOoooooooooo,oooooOoooOooooOo,oooooooooooooOOo,oOoooooooooooOOO,oOOOOOOoOOOOOOOO
74,15.592,state after change,oooooooooOoooooo,ooooooooooooooOo,oooooOooooooooOo,oooooOoooooooooo,oooooOoooOooooOo,oooooooooooooOOo,oOoooooooooooOOO,oOooOooooooOOOOO
75,15.795,state after change,oooooooooOoooooo,ooooooooooooooOo,oooooOooooooooOo,oooooOoooooooooo,oooooOoooOooooOo,ooooooooooooooOo,oooooooooooooOOo,oOoooooooooooOOO
76,16.065,state after change,oooooooooOoooooo,ooooooooooooooOo,oooooOooooooooOo,oooooOoooooooooo,oooooOoooOooooOo,ooooooooooooooOo,oooooooooooooOoo,oOoooooooooooOoO
77,16.402,state after change,oooooooooOoooooo,ooooooooooooooOo,oooooOooooooooOo,oooooOoooooooooo,OOoooOoooOooooOo,OOoooOoooOooooOo,oOoooooooooooOoo,oOooOooooooooOOO
78,16.605,state after change,oooooooooOoooooo,ooooooooooooooOo,oooooOooooooooOo,oooooOoooooooooo,oooooOoooOooooOo,OOoOoOoooOooooOo,oOoooooooooooOoo,oOoooooooooooOoO
79,16.807,state after change,oooooooooOoooooo,ooooooooooooooOo,oooooOooooooooOo,oooooOoooooooooo,oooooOoooOooooOo,OOoooOoooOooooOo,oooooooooooooOoo,oOoooooooooooOOO
80,17.01,state after change,oooooooooOoooooo,ooooooooooooooOo,oooooOooooooooOo,oooooOoooooooooo,oooooOoooOooooOo,OOoooOoOoOooooOo,oOoooooooooooOoo,oOoooooooooooOoO
81,17.212,state after change,oooooooooOoooooo,ooooooooooooooOo,oooooOooooooooOo,oooooOoooooooooo,oooooOoooOooooOo,OOoooOooOOooooOo,oOoooooooooooOoO,oOoooooooooooOoO
82,17.415,state after change,oooooooooOoooooo,ooooooooooooooOo,oooooOooooooooOo,oooooOoooooooooo,oOoooOoooOooooOo,OOoooOoooOOOoOOo,oOoooooooooooOoO,oOOoooooooooooOO
83,17.617,state after change,oooooooooOoooooo,ooooooooooooooOo,oooooOooooooooOo,oooooOoooooooooo,oOoooOoooOooooOo,OOoooOoooOooOOOo,oOooooooooooooOO,ooOOOoooooooooOO
84,17.887,state after change,oooooooooOoooooo,ooooooooooooooOo,oooooOooooooooOo,oooooOoooooooooo,oOoooOoooOooooOo,OOoooOoooOoooOOo,oOoooooooooooOoO,oOOoooooooooooOO
85,18.225,state after change,oooooooooOoooooo,ooooooooooooooOo,oooooOooooooooOo,oooooOoooooooooo,oooooOoooOooooOo,OOoooOoooOooooOo,oOoooooooooooooo,oOoooooooooooOoO
86,18.562,state after change,oooooooooOoooooo,ooooooooooooooOo,oooooOoooooooooo,oooooOoooooooooo,oooooOoooOooooOo,oooooOoooOooooOo,oOoooooooooooOOo,oOoooooooooooOOO
87,18.9,state after change,oooooooooOoooooo,ooooooooooooooOo,oooooOoooooooooo,oooooOoooooooooo,oooooOoooOooooOo,oooooOoooOooooOo,oooooooooooooOOo,oOoooooooooooOoO
88,19.17,state after change,oooooooooOoooooo,ooooooooooooooOo,oooooOoooooooooo,.ooooOoooooooooo,oooooOoooOooooOo,oooooOoooOooooOo,ooooooooooooooOo,oooooooooooooooo
89,19.372,state after change,.ooooooooOoooooo,ooooooooooooooOo,oooooOoooooooooo,..oooOoooooooooo,..oooOoooOooooOo,..oooOoooOooooOo,ooooooooooooooOo,oooooooooooooooo
90,19.575,state after change,oooooooooOoooooo,ooooooooooooooOo,oooooOoooooooooo,..oooOoooooooooo,.ooooOoooOooooOo,oooooOoooOooooOo,OOoooOoooOooooOo,oooooooooooooooo
91,20.047,state after change,.ooooooooOoooooo,ooooooooooooooOo,oooooOoooooooooo,...ooOoooooooooo,..oooOoooOooooOo,.ooooOoooOooooOo,OOoooOoooOooooOo,oooooooooooooooo
92,20.25,state after change,.ooooooooOoooooo,ooooooooooooooOo,..oooOoooooooooo,....oOoooooooooo,...ooOoooOooooOo,...ooOoooOooooOo,OOoooOoOOOooooOo,.ooooooooooooooo
93,20.452,state after change,.ooooooooOoooooo,ooooooooooooooOo,.ooooOoooooooooo,...ooOoooooooooo,...ooOoooOooooOo,...ooOoooOooooOo,OOoooOoooOOoooOo,.ooooooooooooooo
94,20.655,state after change,.ooooooooOoooooo,ooooooooooooooOo,..oooOoooooooooo,....oOoooooooooo,...ooOoooOooooOo,...ooOoooOooooOo,OOoooOoooOoOOOOo,.ooooooooooooooo
95,20.857,state after change,..oooooooOoooooo,ooooooooooooooOo,...ooOoooooooooo,....oOoooooooooo,....oOoooOooooOo,....oOoooOooooOo,OO.ooOoooOooooOO,..oooooooooooooo
96,21.06,state after change,...ooooooOoooooo,.oooooooooooooOo,...ooOoooooooooo,.....Ooooooooooo,....oOoooOooooOo,....oOoooOooooOo,OO.ooOoooOooooOo,...ooooooooooooo
97,21.465,state after change,...ooooooOoooooo,..ooooooooooooOo,...ooOoooooooooo,.....Ooooooooooo,....oOoooOooooOo,....oOoooOooooOo,oO.ooOoooOooooOo,...ooooooooooooo
98,21.667,state after change,....oOoooOoooooo,..ooooooooooooOo,....oOoooOoooooo,.....Ooooooooooo,.....OoooOooooOo,.....ooooOooooOo,....oooooOooooOo,....oooooooooooo
99,21.87,state after change,....oOoooooooooo,...ooooooooooooo,....oOoooOoooooo,.....Ooooooooooo,.....OoooOooooOo,......ooooooooOo,.....ooooOooooOo,....oooooooooooo
100,22.207,state after change,....oOoooooooooo,...ooooooooooooo,.....OoooOoooooo,.....Ooooooooooo,.....OoooOooooOo,......ooooooooOo,....oooooOooooOo,....oooooooooooo
101,22.477,state after change,.....Ooooooooooo,....oooooooooooo,.....OoooOoooooo,.....Ooooooooooo,.....OoooOooooOo,......ooooooooOo,.....ooooOooooOo,....oooooooooooo
102,22.747,state after change,.....Ooooooooooo,....oooooooooooo,.....OoooOoooooo,.....Ooooooooooo,.....OoooOooooOo,.......oooooooOo,.....ooooOooooOo,.....ooooooooooo
103,22.95,state after change,.....Oo.oooooooo,....oooooooooooo,.....OoooOoooooo,.....Ooooooooooo,.....O.ooOooooOo,.......oooooooOo,......oooOooooOo,.....ooooooooooo
104,23.152,state after change,.....Oo.oooo.ooo,....oooooooooooo,.....OoooOoooooo,.....Ooooooooooo,.....OoooOooooOo,.......oooooooOo,.....ooooOooooOo,.....ooooooooooo
105,23.49,state after change,.....Oo.oooo.ooo,....ooo.oooooooo,.....OoooOoooooo,.....Ooooooooooo,.....OoooOooooOo,.......oooooooOo,......oooOooooOo,.....ooooooooooo
106,23.76,state after change,.....Oo.oooo.ooo,.....oo.oooooooo,.....OoooOoooooo,.....O..oooooooo,.....O..oOooooOo,........ooooooOo,.......ooOooooOo,......oooooooooo
107,24.03,state after change,.....Oo...oo.ooo,.....oo.oooooooo,.....OoooOoooooo,.....O..oooooooo,.....O..oOooooOo,........ooooooOo,.......ooOooooOo,......oooooooooo
108,24.3,state after change,.....Oo......ooo,.....oo.oooooooo,.....OoooOoooooo,.....O..oooooooo,.....O..oOooooOo,........ooooooOo,.......ooOooooOo,......oooooooooo
