step,time_s,turned_on_max,turned_on_bright,turned_on_dim,got_brighter,got_dim,turned_off
2,0.067,,,,r1c6(toB) r2c6(toB) r2c10(toB) r3c10(toB) r4c10(toB),r3c2(toD) r5c14(toD) r7c3(toD) r7c4(toD) r7c6(toD),r6c2 r6c14
3,0.135,,,,r3c15(toB) r7c4(toB),r2c10(toD),
4,0.202,,,r6c2,r2c10(toB) r3c2(toB),,
5,0.27,,,r6c14,r5c14(toB) r6c10(toB) r7c3(toB) r7c6(toB),r2c10(toD),
6,0.337,,,r7c2,r2c10(toB) r4c2(toB) r5c6(toB) r7c5(toB),,
7,0.405,,,,r7c10(toB),,
8,0.472,,,r7c14,r6c14(toB),r2c10(toD),
9,0.54,,,,r5c2(toB),r1c6(toD) r2c6(toD) r5c6(toD),
10,0.607,,,,r6c2(toB) r7c14(toB),r4c10(toD) r6c10(toD) r7c10(toD),
11,0.675,,,,r7c2(toB),r1c10(toD),
12,0.742,,,,r1c6(toM) r1c10(toM) r1c15(toM) r2c6(toB) r2c10(toB) r2c15(toB),r3c10(toD) r3c15(toD),
13,0.81,,,,,r2c6(toD),
14,0.877,,,,,r2c10(toD),
15,1.012,,,,,r4c15(toD),
16,1.08,,,,,,r3c6
17,1.552,,,,r2c10(toB),,
18,1.62,,,,,r2c10(toD),
19,2.16,,,,,r2c15(toD),
20,2.295,,,,,r2c16(toD),
21,2.7,,,,r2c16(toB),,
22,2.902,,,,,r2c16(toD),
23,3.375,,,,r2c16(toB),,
24,3.442,,,,,r2c16(toD),
25,3.51,,,,r2c15(toB) r2c16(toB),,
26,3.712,,,,,r2c15(toD),
27,3.847,,,,r2c6(toM) r2c10(toM) r2c15(toM) r3c15(toB),,
28,3.915,,,,,,r4c6
29,4.05,,,,,r3c15(toD),
30,4.185,,,,,r2c16(toD),
31,4.32,,,,r2c16(toB),,r5c10 r5c15
32,4.455,,,,,r3c7(toD),r6c15
33,4.522,,,,,r1c14(toD) r2c12(toD) r2c16(toD),r5c6
34,4.59,,,r6c15,,,
35,4.657,,,,,r1c7(toD) r3c12(toD),
36,4.86,,,,r2c12(toM) r3c12(toB),r1c12(toD) r3c8(toD) r3c9(toD) r3c11(toD),r6c15
37,4.927,,,r6c15,r3c8(toB),r3c12(toD),
38,4.995,,,,r3c9(toB),r2c11(toD) r2c12(toD) r4c11(toD),
39,5.062,,,r5c6,r2c11(toB) r4c11(toB),,r6c15
40,5.13,,,r6c15,r2c16(toM),,
41,5.197,,,,r1c7(toB),,
42,5.265,,,r5c10,r1c12(toB) r1c14(toB) r3c11(toB),r2c16(toD),
43,5.4,,,r5c15,r3c7(toB),r7c14(toD),
44,5.535,,,,r3c12(toB),,r5c15
45,5.602,,,,,r1c16(toD),
46,5.67,,,,,r1c12(toD),
47,5.805,,,,r7c14(toB),r3c7(toD) r3c12(toD),
48,6.007,,,,r3c15(toM),r1c14(toD),
49,6.075,,,,r1c14(toB),r1c7(toD) r1c11(toD) r2c11(toD),
50,6.21,,,,r1c11(toB),,
51,6.277,,,,r2c11(toB),,
52,6.345,,,,,r2c11(toD),
53,6.48,,,,,r1c14(toD) r3c11(toD) r3c16(toD),
54,6.615,,,,r1c7(toB) r3c11(toB),,
55,6.682,,,,r3c7(toB),r3c11(toD),
56,6.75,,,,r3c16(toB),r3c7(toD),
57,6.952,,,,,r1c7(toD) r1c11(toD),
58,7.02,r3c6,,,r3c7(toB) r3c10(toM) r3c11(toB),r3c16(toD),
59,7.087,,,,,r2c13(toD),r5c10
60,7.155,,,,,r1c9(toD),r2c16
61,7.222,,,,,r3c7(toD) r3c8(toD),
62,7.29,,,,,r3c11(toD),r6c15
63,7.357,,,,,r2c14(toD),
64,7.425,,,,r3c7(toB),r2c7(toD) r2c8(toD) r4c12(toD),
65,7.56,,,,r3c8(toM),r3c13(toD),
66,7.627,,,,,r3c7(toD),r5c6
67,7.695,,,,,r3c8(toD),
68,7.762,,,,,r4c11(toD),
69,7.83,,,r2c16,,r2c9(toD) r4c8(toD),
70,7.897,,,,r3c11(toM),r4c9(toD) r4c13(toD) r4c16(toD),
71,7.965,,,,r3c12(toB) r4c16(toB),r3c9(toD) r3c14(toD),r2c16
72,8.032,,,,r3c14(toB) r4c13(toB),r3c11(toD),
73,8.1,,,,r3c13(toM),r1c13(toD) r3c12(toD),r1c16
74,8.167,,,,r1c13(toB),,
75,8.235,,,,,r1c13(toD) r3c13(toD),
76,8.302,,,,r3c16(toM),r3c14(toD) r4c13(toD),
77,8.437,,,,,r3c16(toD) r4c14(toD),
78,8.572,,,,,r1c1(toD),
79,8.64,,,,,r4c16(toD),
80,8.707,,,r1c16,,,
81,8.775,,,,r1c1(toB),,
82,8.842,,,,r4c14(toB) r4c16(toB),,r1c16
83,8.91,,,,r1c13(toB) r3c14(toB),,
84,9.112,,,r1c16 r5c10,r4c8(toB) r4c9(toB) r4c10(toM) r4c13(toB),r2c6(toD) r3c10(toD) r4c16(toD),
85,9.18,,,,r4c16(toB),r4c8(toD),r1c16 r2c6
86,9.247,,,,r4c11(toB),,
87,9.315,,,r1c16,,r4c13(toD),
88,9.382,,,r2c6,,,r5c10
89,9.45,,,,,r4c11(toD),
90,9.517,,,,,r4c16(toD),
91,9.585,,,r2c16,,,
92,9.652,,,,,r7c14(toD),
93,9.787,,,,r4c16(toB),,
94,9.922,,,,,r4c16(toD),
95,9.99,,,,,,r2c16
96,10.125,r4c6,,r5c6,r4c13(toB) r4c15(toM),r1c13(toD),
97,10.26,,,,r1c13(toB),r5c11(toD),
98,10.327,,,,,,r2c6 r5c6
99,10.395,,,,,r3c14(toD) r5c8(toD) r5c9(toD),
100,10.462,,,,r3c14(toB) r5c9(toB),r6c14(toD),
101,10.53,,,r2c16,,r4c13(toD),
102,10.597,,,r5c6,,r6c6(toD),
103,10.665,,,,,r5c9(toD) r5c12(toD),r5c6
104,10.732,,,,r4c8(toM),r3c14(toD),r2c16
105,10.867,,,,r5c9(toB),r4c7(toD) r4c8(toD),
106,10.935,,,,,r1c13(toD) r5c7(toD) r5c9(toD) r5c13(toD),
107,11.002,,,,r4c11(toB),r5c14(toD),
108,11.07,,,,,r4c9(toD),r1c16
109,11.137,,,,r4c12(toM),r2c5(toD) r4c11(toD) r5c16(toD) r6c9(toD),r3c7
110,11.205,,,,r4c13(toM) r5c16(toB) r6c9(toB),,
111,11.272,,,,r5c13(toB),r4c12(toD),r7c14
112,11.34,,,,,r4c13(toD) r5c13(toD),
113,11.407,,,r1c16,r4c16(toM),,
114,11.542,,,,,,r7c15
115,11.61,,,r7c14,,r4c16(toD) r5c16(toD) r6c9(toD) r6c11(toD) r6c13(toD),
116,11.677,,,,,r6c12(toD) r7c6(toD),r1c16 r2c12 r3c10 r3c12
117,11.745,,,r3c10,,r4c14(toD) r6c8(toD),r6c10
118,11.812,,,,,r6c16(toD),r3c11
119,11.88,,,,,,r3c10
120,11.947,,,,r7c14(toB),,r7c10
121,12.015,,,,,,r3c16
122,12.082,,,,,r7c11(toD),
123,12.15,,,,,r7c8(toD) r7c9(toD) r7c13(toD),
124,12.285,,,r3c16,,r3c1(toD) r4c15(toD),r1c14 r1c15 r2c10 r2c11
125,12.42,,,,r7c13(toB),,
126,12.487,,,,r7c11(toB),r2c1(toD),
127,12.622,,,r2c11 r3c11,r2c1(toB) r6c16(toB),,
128,12.69,,,r2c12,r7c8(toB),,
129,12.757,,,r3c12,,,
130,12.825,,,,,r7c8(toD),
131,12.892,,,r7c15,r7c8(toB),,
132,12.96,,,,r6c14(toB),,
133,13.027,,,,r6c12(toB) r6c13(toB) r7c9(toB),,
134,13.095,,,r7c10,,,
135,13.162,,,r1c14 r2c10 r3c7,r5c16(toB),,
136,13.23,,,r1c16,,,
137,13.297,r5c6 r5c10,r5c15,r6c10 r6c15,r5c9(toB) r5c13(toB) r5c14(toB) r6c8(toB) r6c11(toB),,
138,13.365,,,,r3c14(toB),r6c8(toD),
139,13.432,,,,r6c8(toB) r6c9(toB),r7c14(toD),r1c16
140,13.5,,,,r4c14(toB),r6c8(toD),
141,13.567,,,,r6c8(toB),r4c14(toD),
142,13.635,,,,,r6c8(toD),
143,13.702,,,,r5c7(toB),r3c14(toD) r6c9(toD),
144,13.77,,,,,,r6c15
145,13.837,,,,r5c8(toM),r5c16(toD) r6c11(toD),r3c7 r7c15
146,13.905,,,,,r5c7(toD),
147,13.972,,,r1c16,,r5c8(toD) r5c13(toD) r6c12(toD),
148,14.04,,,,,r6c13(toD),
149,14.175,,,,r5c11(toM),r5c9(toD) r7c8(toD) r7c9(toD),r2c10 r7c10
150,14.242,,,,r5c12(toM),,
151,14.31,,,,,r5c11(toD),
152,14.377,,,,r5c13(toM),,
153,14.445,,,,r6c13(toB) r7c8(toB),r5c12(toD),
154,14.512,,,r6c15,r7c9(toB),r6c13(toD) r7c8(toD),
155,14.58,,,,r5c16(toM),r5c13(toD) r6c14(toD),r6c15
156,14.647,,,r7c10,r7c8(toB),,
157,14.715,,,r2c10,r5c9(toB),r5c16(toD),
158,14.782,,,,,,r2c10 r7c14
159,14.917,,,,r6c12(toB),,
160,14.985,,,r2c16 r3c7,,,
161,15.12,,,,,r6c12(toD),r3c7
162,15.187,,,r7c14,,r2c1(toD) r5c9(toD) r6c16(toD),r2c16 r7c10
163,15.255,,,,,r1c1(toD) r5c14(toD) r7c8(toD) r7c11(toD),
164,15.322,,,,,r7c9(toD) r7c12(toD) r7c13(toD) r7c16(toD),r6c10
165,15.39,r6c15,,r7c15,r6c14(toB) r7c14(toB),r4c1(toD) r4c2(toD) r5c1(toD) r7c7(toD),r1c14 r2c12 r3c11 r3c12 r4c10
166,15.457,,,,,r6c7(toD) r6c14(toD) r7c14(toD),r1c6 r1c7 r2c7 r7c15
167,15.592,,,r2c7,,,r3c9
168,15.66,,,,,r2c2(toD),r1c16 r2c7 r2c11
169,15.727,,,r1c16,,,
170,15.795,,,,,r1c2(toD) r3c2(toD),
171,15.862,,,r2c7 r2c16,r3c2(toB),r6c1(toD),r4c11
172,15.93,,,r3c7,r2c2(toB) r4c2(toB),,r1c16
173,15.997,,,r1c7 r1c16 r2c11,,,
174,16.065,,,,r1c2(toB) r6c1(toB),,r1c16 r2c14 r2c16
175,16.132,,,r2c14,,,
176,16.2,,,r3c9 r4c11,,,r4c12
177,16.335,,,r1c16 r4c12,,,
178,16.402,r6c10,,,r2c1(toB) r5c1(toB) r6c6(toM) r6c7(toB),,
179,16.47,,,,,,r1c16
180,16.537,,,r1c16,,,r4c12
181,16.605,,,r2c16 r4c12,,r2c1(toD) r6c7(toD),
182,16.672,,,,r2c1(toB),r4c2(toD),r1c16
183,16.74,,,r1c14,,r2c1(toD),
184,16.807,,,r1c16,,,r1c14 r4c12
185,16.875,,,,,,r4c11
186,16.942,,,,r6c7(toM),,r3c7
187,17.01,,,,r2c1(toB) r6c8(toM),r6c7(toD),r1c16
188,17.077,,,r1c16,r1c1(toB) r6c9(toB),,
189,17.145,,,r1c14 r2c12 r4c12,r4c2(toB),r6c8(toD),
190,17.212,,,r4c11,,r4c2(toD),r3c9
191,17.28,,,r3c9 r3c12,r4c2(toB),r6c9(toD),
192,17.347,,,,r6c11(toM),,
193,17.415,,,r3c11,r6c12(toM),,
194,17.482,,,,,r6c11(toD),
195,17.55,,,,r6c13(toM) r6c14(toB),r6c12(toD),r7c14
196,17.685,,,,,r6c13(toD) r6c14(toD),
197,17.752,,,,r6c16(toB),,
198,17.82,,,r7c14,,,
199,17.887,,,,,r6c16(toD),r3c12
200,17.955,,,,,,r5c11
201,18.022,,,r5c11,,r4c2(toD),r3c11 r4c11
202,18.09,,,,,,r4c15 r5c11
203,18.157,,,,,,r1c14 r2c12 r4c12 r4c13
204,18.225,,,r4c13,,r1c1(toD),r1c16 r4c16
205,18.292,,,r1c14 r1c16 r2c12 r4c16,,,
206,18.36,,,r4c12 r5c11,,,
207,18.562,r7c15,,,,r2c1(toD) r5c1(toD) r6c1(toD),r3c15 r4c12
208,18.63,,,,,,r3c13 r4c13 r4c16
209,18.697,,,,,,r1c14 r3c16 r5c11
210,18.765,,,,,,r1c16 r2c11 r5c12 r5c16 r6c16
211,18.832,,,r3c7,,,r3c14 r4c9 r4c14 r5c13 r6c12 r7c9 r7c11
212,18.9,,,,,r3c2(toD) r5c2(toD),r2c12 r3c7 r3c9 r5c8 r6c11 r7c12
213,18.967,,,,,r1c2(toD),r2c14 r4c8 r5c14 r6c13 r7c16
214,19.035,,,,,r2c2(toD) r6c2(toD),r3c8 r5c9 r6c14 r7c8
215,19.102,,,r3c7,,r1c8(toD),r1c7 r2c9 r2c13 r6c9 r7c13
216,19.17,,,,,r7c1(toD),r2c7
217,19.237,,,,,r4c3(toD) r7c2(toD) r7c5(toD),r3c7 r6c8 r7c14
218,19.305,,,r3c7,,r3c5(toD) r6c3(toD),
219,19.372,,,,,r5c3(toD),
220,19.44,,,,,,r1c12
221,19.507,,,,r5c3(toB),,r3c7
222,19.575,r7c10,,,r6c2(toB) r6c3(toB) r7c1(toM) r7c2(toM) r7c5(toB) r7c6(toM),,
223,19.777,,,,,r6c2(toD),
224,19.912,,,,,r5c5(toD),
225,19.98,,,,,r5c3(toD) r6c3(toD),r4c1
226,20.047,,,,,r6c4(toD),
227,20.115,,,,r7c7(toM),r1c5(toD) r4c4(toD) r5c4(toD) r7c3(toD) r7c4(toD) r7c5(toD),r4c2 r5c1
228,20.182,r7c8,,,,r3c3(toD) r7c7(toD),r5c2
229,20.25,,r7c9,,,,r2c16
230,20.317,,,,,,r7c8
231,20.385,,,,,,r7c9
232,20.452,,r7c11,,,,
233,20.587,r7c12,,,,r4c5(toD),r7c11
234,20.655,,r7c13,r7c14,,,
235,20.722,,,,r7c14(toB),,r7c12
236,20.79,,,,,r6c5(toD),r6c1 r7c13 r7c14
237,20.857,,r7c16,,,r3c4(toD),r1c1 r3c1 r4c3
238,20.925,,,,,r1c3(toD),r6c2 r6c3
239,20.992,,,,,r2c4(toD),r3c2 r5c3 r7c16
240,21.06,,,,,r2c3(toD),r1c2
241,21.532,,,,,r1c4(toD),
242,21.6,,,,,,r4c4
243,21.667,,r1c6 r3c10,,,r6c6(toD) r7c6(toD),r1c9 r2c1 r3c3 r5c4 r5c7 r6c4 r7c1 r7c2 r7c3 r7c7
244,21.735,,,r1c7,,,r1c10 r1c11 r2c2 r2c15 r6c6 r6c10 r7c4 r7c6
245,21.802,,,,,,r6c5 r6c7
246,21.87,,,,,,r1c3 r3c4 r4c5 r4c7 r5c5 r7c5
247,21.937,,,r7c5,,,r2c8
248,22.005,,,r2c8,,,
249,22.207,,,,,,r2c5 r2c8
250,22.275,,,r3c11,,,r2c3
251,22.41,,,,,,r3c5 r7c5
252,22.477,,,,,,r1c4 r1c5 r2c4
253,22.612,,,r2c4,,,
254,22.747,,,,,,r2c4
255,22.815,,,,,r4c6(toD),
256,22.95,,,,,,r1c8 r1c13
257,23.085,,,,,,r1c7
258,23.625,,,,,r3c6(toD) r5c6(toD),
259,23.962,,,,,r1c6(toD),
